empID,emp_name,gender,salary,department
1,"Jack Smith",Male,50000.00,IT
2,"Emma Johnson",Female,51000.00,HR
3,"Liam Brown",Male,52000.00,Finance
4,"Olivia Davis",Female,53000.00,Marketing
5,"Noah Wilson",Male,54000.00,Operations
6,"Ava Miller",Female,55000.00,Sales
7,"William Moore",Male,56000.00,IT
8,"Sophia Taylor",Female,57000.00,HR
9,"James Anderson",Male,58000.00,Finance
10,"Isabella Thomas",Female,59000.00,Marketing
11,"Benjamin Martinez",Male,60000.00,Operations
12,"Mia Harris",Female,61000.00,Sales
13,"Lucas Clark",Male,62000.00,IT
14,"Amelia Lewis",Female,63000.00,HR
15,"Ethan Robinson",Male,64000.00,Finance
16,"Harper Walker",Female,65000.00,Marketing
17,"Alexander Hall",Male,66000.00,Operations
18,"Charlotte Allen",Female,67000.00,Sales
19,"Daniel Young",Male,68000.00,IT
20,"Ella King",Female,69000.00,HR
21,"Michael Wright",Male,70000.00,Finance
22,"Abigail Scott",Female,71000.00,Marketing
23,"Jackson Adams",Male,72000.00,Operations
24,"Emily Baker",Female,73000.00,Sales
25,"Matthew Nelson",Male,74000.00,IT
26,"Elizabeth Carter",Female,75000.00,HR
27,"Joshua Mitchell",Male,76000.00,Finance
28,"Sofia Perez",Female,77000.00,Marketing
29,"Logan Roberts",Male,78000.00,Operations
30,"Megan Turner",Female,79000.00,Sales
31,"David Phillips",Male,80000.00,IT
32,"Avery Collins",Female,81000.00,HR
33,"James Gray",Male,82000.00,Finance
34,"Chloe Rivera",Female,83000.00,Marketing
35,"Ryan Cooper",Male,84000.00,Operations
36,"Samantha Richardson",Female,85000.00,Sales
37,"John Cox",Male,86000.00,IT
38,"Grace Howard",Female,87000.00,HR
39,"Joseph Ward",Male,88000.00,Finance
40,"Zoe Morgan",Female,89000.00,Marketing
41,"Samuel Murphy",Male,90000.00,Operations
42,"Natalie Bailey",Female,91000.00,Sales
43,"Henry Rivera",Male,92000.00,IT
44,"Lily Rogers",Female,93000.00,HR
45,"Isaac Price",Male,94000.00,Finance
46,"Hannah Jenkins",Female,95000.00,Marketing
47,"Elijah Barnes",Male,96000.00,Operations
48,"Aria Sanders",Female,97000.00,Sales
49,"Owen Morris",Male,98000.00,IT
50,"Mila Hughes",Female,99000.00,HR
51,"Jack Scott",Male,100000.00,Finance
52,"Sophia Martinez",Female,101000.00,Marketing
53,"Sebastian Walker",Male,102000.00,Operations
54,"Aubrey Wood",Female,103000.00,Sales
55,"Gabriel Foster",Male,104000.00,IT
56,"Ella Kelly",Female,105000.00,HR
57,"Carter Howard",Male,106000.00,Finance
58,"Maya Diaz",Female,107000.00,Marketing
59,"Caleb Murphy",Male,108000.00,Operations
60,"Luna Bell",Female,109000.00,Sales
61,"Andrew Young",Male,110000.00,IT
62,"Madison Long",Female,111000.00,HR
63,"Dylan Martinez",Male,112000.00,Finance
64,"Evelyn Scott",Female,113000.00,Marketing
65,"Isaiah Lee",Male,114000.00,Operations
66,"Ella Johnson",Female,115000.00,Sales
67,"Jacob Wilson",Male,116000.00,IT
68,"Arianna Gonzalez",Female,117000.00,HR
69,"Mason Miller",Male,118000.00,Finance
70,"Olivia Martinez",Female,119000.00,Marketing
71,"Ryan Phillips",Male,130000.00,Sales
72,"Sophie Wright",Female,131000.00,IT
73,"Adam Hughes",Male,132000.00,HR
74,"Isabella Lewis",Female,133000.00,Finance
75,"Ethan Clark",Male,134000.00,Marketing
76,"Emma Allen",Female,135000.00,Operations
77,"Logan Collins",Male,136000.00,Sales
78,"Chloe Nelson",Female,137000.00,IT
79,"Elijah Baker",Male,138000.00,HR
80,"Natalie Carter",Female,139000.00,Finance
81,"William Wright",Male,140000.00,Marketing
82,"Avery Hall",Female,141000.00,Operations
83,"James Adams",Male,142000.00,Sales
84,"Mia Murphy",Female,143000.00,IT
85,"Alexander King",Male,144000.00,HR
86,"Lily Howard",Female,145000.00,Finance
87,"Michael Rogers",Male,146000.00,Marketing
88,"Amelia Young",Female,147000.00,Operations
89,"Jackson Ward",Male,148000.00,Sales
90,"Ava Sanders",Female,149000.00,IT
91,"David Morris",Male,150000.00,HR
92,"Sophia Bell",Female,151000.00,Finance
93,"Mason Rivera",Male,152000.00,Marketing
94,"Olivia Walker",Female,153000.00,Operations
95,"Benjamin Price",Male,154000.00,Sales
96,"Isabella Johnson",Female,155000.00,IT
97,"Liam Garcia",Male,156000.00,HR
98,"Ethan Wilson",Female,157000.00,Finance
99,"Samantha Lee",Male,158000.00,Marketing
100,"Henry Thomas",Female,159000.00,Operations
101,"Ella Martinez",Male,160000.00,Sales
102,"Noah Davis",Female,161000.00,IT
103,"Avery Harris",Male,162000.00,HR
104,"Jackson Young",Female,163000.00,Finance
105,"Zoe Robinson",Male,164000.00,Marketing
106,"Liam Scott",Female,165000.00,Operations
107,"Emily Moore",Male,166000.00,Sales
108,"Mason White",Female,167000.00,IT
109,"William Brown",Male,168000.00,HR
110,"Olivia Davis",Female,169000.00,Finance
111,"Aiden Walker",Male,170000.00,Marketing
112,"Sophia Lopez",Female,171000.00,Operations
113,"Jacob Johnson",Male,172000.00,Sales
114,"Isabella Garcia",Female,173000.00,IT
115,"Liam Adams",Male,174000.00,HR
116,"Emily Williams",Female,175000.00,Finance
117,"Elijah Martinez",Male,176000.00,Marketing
118,"Mia Lewis",Female,177000.00,Operations
119,"Benjamin Smith",Male,178000.00,Sales
120,"Avery Brown",Female,179000.00,IT
121,"Noah Davis",Male,180000.00,HR
122,"Charlotte Young",Female,181000.00,Finance
123,"Ethan Roberts",Male,182000.00,Marketing
124,"Sofia Garcia",Female,183000.00,Operations
125,"Jack Moore",Male,184000.00,Sales
126,"Ava Miller",Female,185000.00,IT
127,"Lucas Harris",Male,186000.00,HR
128,"Amelia Wilson",Female,187000.00,Finance
129,"James Taylor",Male,188000.00,Marketing
130,"Harper White",Female,189000.00,Operations
131,"Mason Adams",Male,190000.00,Sales
132,"Olivia Brown",Female,191000.00,IT
133,"Lucas Clark",Male,192000.00,HR
134,"Evelyn Johnson",Female,193000.00,Finance
135,"Liam King",Male,194000.00,Marketing
136,"Sophie Anderson",Female,195000.00,Operations
137,"Mason White",Male,196000.00,Sales
138,"Emily Scott",Female,197000.00,IT
139,"James Young",Male,198000.00,HR
140,"Olivia Davis",Female,199000.00,Finance
141,"Liam Garcia",Male,200000.00,Marketing
142,"Sophia Wilson",Female,201000.00,Operations
143,"Ethan Brown",Male,202000.00,Sales
144,"Isabella Moore",Female,203000.00,IT
145,"Aiden White",Male,204000.00,HR
146,"Lily Harris",Female,205000.00,Finance
147,"Michael Robinson",Male,206000.00,Marketing
148,"Charlotte Adams",Female,207000.00,Operations
149,"Daniel Clark",Male,208000.00,Sales
150,"Grace Davis",Female,209000.00,IT
151,"Alexander Martinez",Male,210000.00,HR
152,"Amelia White",Female,211000.00,Finance
153,"Noah Garcia",Male,212000.00,Marketing
154,"Zoe Brown",Female,213000.00,Operations
155,"Michael Young",Male,214000.00,Sales
156,"Avery Scott",Female,215000.00,IT
157,"Liam Johnson",Male,216000.00,HR
158,"Emily King",Female,217000.00,Finance
159,"Ethan Wilson",Male,218000.00,Marketing
160,"Olivia Taylor",Female,219000.00,Operations
161,"James Miller",Male,220000.00,Sales
162,"Sophie Adams",Female,221000.00,IT
163,"Lucas Davis",Male,222000.00,HR
164,"Emma Scott",Female,223000.00,Finance
165,"Mason Brown",Male,224000.00,Marketing
166,"Ava Wilson",Female,225000.00,Operations
167,"Ethan Johnson",Male,226000.00,Sales
168,"Charlotte Lee",Female,227000.00,IT
169,"Liam Young",Male,228000.00,HR
170,"Sofia Clark",Female,229000.00,Finance
171,"Benjamin Moore",Male,230000.00,Marketing
172,"Emily Robinson",Female,231000.00,Operations
173,"Noah Davis",Male,232000.00,Sales
174,"Olivia Harris",Female,233000.00,IT
175,"Liam Brown",Male,234000.00,HR
176,"Isabella Davis",Female,235000.00,Finance
177,"Jacob Scott",Male,236000.00,Marketing
178,"Sophie Lewis",Female,237000.00,Operations
179,"James Taylor",Male,238000.00,Sales
180,"Mia Clark",Female,239000.00,IT
181,"Alexander King",Male,240000.00,HR
182,"Charlotte Wilson",Female,241000.00,Finance
183,"Benjamin Miller",Male,242000.00,Marketing
184,"Olivia Adams",Female,243000.00,Operations
185,"Ethan Brown",Male,244000.00,Sales
186,"Emma White",Female,245000.00,IT
187,"Mason Harris",Male,246000.00,HR
188,"Sophie Young",Female,247000.00,Finance
189,"Jacob Johnson",Male,248000.00,Marketing
190,"Ava Scott",Female,249000.00,Operations
191,"William Davis",Male,250000.00,Sales
192,"Liam Taylor",Female,251000.00,IT
193,"Isabella Miller",Male,252000.00,HR
194,"Noah Wilson",Female,253000.00,Finance
195,"Charlotte White",Male,254000.00,Marketing
196,"James Brown",Female,255000.00,Operations
197,"Sophie King",Male,256000.00,Sales
198,"Aiden Scott",Female,257000.00,IT
199,"Olivia Harris",Male,258000.00,HR
200,"Ethan Taylor",Female,259000.00,Finance
201,"Liam Adams",Male,260000.00,Marketing
202,"Ava Wilson",Female,261000.00,Operations
203,"Jacob Lee",Male,262000.00,Sales
204,"Mia Young",Female,263000.00,IT
205,"Alexander Davis",Male,264000.00,HR
206,"Isabella Clark",Female,265000.00,Finance
207,"Sophie Martinez",Male,266000.00,Marketing
208,"Olivia King",Female,267000.00,Operations
209,"James Johnson",Male,268000.00,Sales
210,"Ava Brown",Female,269000.00,IT
211,"Liam Wilson",Male,270000.00,HR
212,"Charlotte Lewis",Female,271000.00,Finance
213,"Benjamin Moore",Male,272000.00,Marketing
214,"Emma Harris",Female,273000.00,Operations
215,"Jacob Davis",Male,274000.00,Sales
216,"Sophie Young",Female,275000.00,IT
217,"Olivia Clark",Male,276000.00,HR
218,"Ethan Johnson",Female,277000.00,Finance
219,"Aiden Scott",Male,278000.00,Marketing
220,"Liam White",Female,279000.00,Operations
221,"Charlotte Davis",Male,280000.00,Sales
222,"Isabella Brown",Female,281000.00,IT
223,"James Wilson",Male,282000.00,HR
224,"Mia Lewis",Female,283000.00,Finance
225,"Ethan Martinez",Male,284000.00,Marketing
226,"Olivia Brown",Female,285000.00,Operations
227,"Ava Clark",Male,286000.00,Sales
228,"Jacob Harris",Female,287000.00,IT
229,"Sophie White",Male,288000.00,HR
230,"Charlotte Young",Female,289000.00,Finance
231,"Liam Robinson",Male,290000.00,Marketing
232,"Mia Davis",Female,291000.00,Operations
233,"James Brown",Male,292000.00,Sales
234,"Isabella Wilson",Female,293000.00,IT
235,"Ethan Johnson",Male,294000.00,HR
236,"Olivia Clark",Female,295000.00,Finance
237,"Aiden Young",Male,296000.00,Marketing
238,"Jacob Martinez",Female,297000.00,Operations
239,"Mia White",Male,298000.00,Sales
240,"Charlotte Harris",Female,299000.00,IT
241,"Liam Davis",Male,300000.00,HR
242,"Isabella Clark",Female,301000.00,Finance
243,"Ethan Wilson",Male,302000.00,Marketing
244,"Ava Martinez",Female,303000.00,Operations
245,"James Young",Male,304000.00,Sales
246,"Olivia Brown",Female,305000.00,IT
247,"Jacob White",Male,306000.00,HR
248,"Sophie Harris",Female,307000.00,Finance
249,"Liam Clark",Male,308000.00,Marketing
250,"Charlotte Davis",Female,309000.00,Operations
251,"Mia Young",Male,310000.00,Sales
252,"Aiden Robinson",Female,311000.00,IT
253,"Ethan Brown",Male,312000.00,HR
254,"Olivia Wilson",Female,313000.00,Finance
255,"Isabella Davis",Male,314000.00,Marketing
256,"Jacob Lewis",Female,315000.00,Operations
257,"Sophie Martinez",Male,316000.00,Sales
258,"Charlotte White",Female,317000.00,IT
259,"Liam Harris",Male,318000.00,HR
260,"Ava Brown",Female,319000.00,Finance
261,"Ethan Scott",Male,320000.00,Marketing
262,"Jacob Johnson",Female,321000.00,Operations
263,"Mia Clark",Male,322000.00,Sales
264,"Isabella Wilson",Female,323000.00,IT
265,"Liam Young",Male,324000.00,HR
266,"Charlotte Martinez",Female,325000.00,Finance
267,"Sophie Harris",Male,326000.00,Marketing
268,"Ethan Davis",Female,327000.00,Operations
269,"Jacob White",Male,328000.00,Sales
270,"Olivia Brown",Female,329000.00,IT
271,"Aiden Robinson",Male,330000.00,HR
272,"Charlotte Lewis",Female,331000.00,Finance
273,"Isabella King",Male,332000.00,Marketing
274,"Sophie Young",Female,333000.00,Operations
275,"Mia Scott",Male,334000.00,Sales
276,"James Clark",Female,335000.00,IT
277,"Liam Brown",Male,336000.00,HR
278,"Olivia Davis",Female,337000.00,Finance
279,"Ethan Wilson",Male,338000.00,Marketing
280,"Isabella Martinez",Female,339000.00,Operations
281,"Charlotte Young",Male,340000.00,Sales
282,"Aiden Robinson",Female,341000.00,IT
283,"Liam Brown",Male,342000.00,HR
284,"Emily Clark",Female,343000.00,Finance
285,"Jacob White",Male,344000.00,Marketing
286,"Sophie Davis",Female,345000.00,Operations
287,"Mia Young",Male,346000.00,Sales
288,"Charlotte Robinson",Female,347000.00,IT
289,"James Martinez",Male,348000.00,HR
290,"Olivia Scott",Female,349000.00,Finance
291,"Ethan Davis",Male,350000.00,Marketing
292,"Jacob Lewis",Female,351000.00,Operations
293,"Sophie White",Male,352000.00,Sales
294,"Mia Clark",Female,353000.00,IT
295,"Liam Johnson",Male,354000.00,HR
296,"Olivia Young",Female,355000.00,Finance
297,"Jacob Scott",Male,356000.00,Marketing
298,"Charlotte Davis",Female,357000.00,Operations
299,"James Brown",Male,358000.00,Sales
300,"Sophie Martinez",Female,359000.00,IT
301,"Mia Harris",Male,360000.00,HR
302,"Liam Robinson",Female,361000.00,Finance
303,"Olivia Johnson",Male,362000.00,Marketing
304,"Ethan Davis",Female,363000.00,Operations
305,"Jacob White",Male,364000.00,Sales
306,"Charlotte Young",Female,365000.00,IT
307,"Sophie Brown",Male,366000.00,HR
308,"Emily Davis",Female,367000.00,Finance
309,"Liam Clark",Male,368000.00,Marketing
310,"Olivia Martinez",Female,369000.00,Operations
311,"Jacob Lewis",Male,370000.00,Sales
312,"Charlotte Young",Female,371000.00,IT
313,"Sophie Scott",Male,372000.00,HR
314,"Mia Robinson",Female,373000.00,Finance
315,"James White",Male,374000.00,Marketing
316,"Olivia Davis",Female,375000.00,Operations
317,"Jacob King",Male,376000.00,Sales
318,"Emily Harris",Female,377000.00,IT
319,"Sophie Lewis",Male,378000.00,HR
320,"Charlotte Young",Female,379000.00,Finance
321,"Liam Clark",Male,380000.00,Marketing
322,"Jacob Martinez",Female,381000.00,Operations
323,"Mia Davis",Male,382000.00,Sales
324,"Olivia Brown",Female,383000.00,IT
325,"James Robinson",Male,384000.00,HR
326,"Sophie White",Female,385000.00,Finance
327,"Charlotte Scott",Male,386000.00,Marketing
328,"Ethan Davis",Female,387000.00,Operations
329,"Jacob Wilson",Male,388000.00,Sales
330,"Liam Lewis",Female,389000.00,IT
331,"Olivia Brown",Male,390000.00,HR
332,"Emily Young",Female,391000.00,Finance
333,"Charlotte Robinson",Male,392000.00,Marketing
334,"Sophie Davis",Female,393000.00,Operations
335,"Mia Johnson",Male,394000.00,Sales
336,"Jacob Harris",Female,395000.00,IT
337,"Charlotte Lewis",Male,396000.00,HR
338,"Sophie Brown",Female,397000.00,Finance
339,"Liam Davis",Male,398000.00,Marketing
340,"Emily Martinez",Female,399000.00,Operations
341,"Olivia Scott",Male,400000.00,Sales
342,"James White",Female,401000.00,IT
343,"Charlotte Young",Male,402000.00,HR
344,"Liam Robinson",Female,403000.00,Finance
345,"Sophie Lewis",Male,404000.00,Marketing
346,"Jacob Brown",Female,405000.00,Operations
347,"Mia Johnson",Male,406000.00,Sales
348,"Olivia Clark",Female,407000.00,IT
349,"Emily Young",Male,408000.00,HR
350,"Liam Davis",Female,409000.00,Finance
351,"Charlotte Brown",Male,410000.00,Marketing
352,"Sophie Harris",Female,411000.00,Operations
353,"Jacob Martinez",Male,412000.00,Sales
354,"Mia Clark",Female,413000.00,IT
355,"Olivia White",Male,414000.00,HR
356,"Sophie Davis",Female,415000.00,Finance
357,"Jacob Scott",Male,416000.00,Marketing
358,"Liam Lewis",Female,417000.00,Operations
359,"Emily Johnson",Male,418000.00,Sales
360,"Charlotte Martinez",Female,419000.00,IT
361,"Olivia King",Male,420000.00,HR
362,"Sophie Robinson",Female,421000.00,Finance
363,"Liam Brown",Male,422000.00,Marketing
364,"Jacob Davis",Female,423000.00,Operations
365,"Mia Scott",Male,424000.00,Sales
366,"Charlotte Harris",Female,425000.00,IT
367,"Sophie Johnson",Male,426000.00,HR
368,"Olivia Martinez",Female,427000.00,Finance
369,"Liam Wilson",Male,428000.00,Marketing
370,"Jacob White",Female,429000.00,Operations
371,"Charlotte Scott",Male,430000.00,Sales
372,"Olivia Lewis",Female,431000.00,IT
373,"James Davis",Male,432000.00,HR
374,"Sophie Clark",Female,433000.00,Finance
375,"Jacob Martinez",Male,434000.00,Marketing
376,"Emily Young",Female,435000.00,Operations
377,"Charlotte Davis",Male,436000.00,Sales
378,"Liam Harris",Female,437000.00,IT
379,"Jacob Lewis",Male,438000.00,HR
380,"Olivia Robinson",Female,439000.00,Finance
381,"Sophie White",Male,440000.00,Marketing
382,"Charlotte Brown",Female,441000.00,Operations
383,"James Scott",Male,442000.00,Sales
384,"Emily Davis",Female,443000.00,IT
385,"Liam Clark",Male,444000.00,HR
386,"Charlotte Lewis",Female,445000.00,Finance
387,"Jacob King",Male,446000.00,Marketing
388,"Olivia Brown",Female,447000.00,Operations
389,"Sophie Robinson",Male,448000.00,Sales
390,"Charlotte White",Female,449000.00,IT
391,"Liam Davis",Male,450000.00,HR
392,"Emily Scott",Female,451000.00,Finance
393,"Jacob Wilson",Male,452000.00,Marketing
394,"Olivia Clark",Female,453000.00,Operations
395,"Charlotte Young",Male,454000.00,Sales
396,"Liam Brown",Female,455000.00,IT
397,"Sophie Lewis",Male,456000.00,HR
398,"Emily Harris",Female,457000.00,Finance
399,"Jacob Scott",Male,458000.00,Marketing
400,"Charlotte Young",Female,459000.00,Operations
401,"Liam Davis",Male,460000.00,Sales
402,"Sophie Johnson",Female,461000.00,IT
403,"Charlotte Lewis",Male,462000.00,HR
404,"Emily Brown",Female,463000.00,Finance
405,"Jacob Martinez",Male,464000.00,Marketing
406,"Olivia Scott",Female,465000.00,Operations
407,"Charlotte Clark",Male,466000.00,Sales
408,"Sophie Harris",Female,467000.00,IT
409,"Liam White",Male,468000.00,HR
410,"Emily Young",Female,469000.00,Finance
411,"Jacob Lewis",Male,470000.00,Marketing
412,"Olivia Brown",Female,471000.00,Operations
413,"Charlotte Scott",Male,472000.00,Sales
414,"Sophie Martinez",Female,473000.00,IT
415,"Liam Clark",Male,474000.00,HR
416,"Emily Robinson",Female,475000.00,Finance
417,"Jacob Wilson",Male,476000.00,Marketing
418,"Charlotte Davis",Female,477000.00,Operations
419,"Liam Brown",Male,478000.00,Sales
420,"Sophie Brown",Female,479000.00,IT
421,"Emily Harris",Male,480000.00,HR
422,"Charlotte King",Female,481000.00,Finance
423,"Jacob Lewis",Male,482000.00,Marketing
424,"Olivia Brown",Female,483000.00,Operations
425,"Sophie Young",Male,484000.00,Sales
426,"Charlotte Davis",Female,485000.00,IT
427,"Emily Martinez",Male,486000.00,HR
428,"Jacob White",Female,487000.00,Finance
429,"Olivia King",Male,488000.00,Marketing
430,"Sophie Scott",Female,489000.00,Operations
431,"Charlotte Lewis",Male,490000.00,Sales
432,"Emily Davis",Female,491000.00,IT
433,"Jacob Harris",Male,492000.00,HR
434,"Olivia White",Female,493000.00,Finance
435,"Charlotte Martinez",Male,494000.00,Marketing
436,"Sophie Brown",Female,495000.00,Operations
437,"Jacob Clark",Male,496000.00,Sales
438,"Emily Lewis",Female,497000.00,IT
439,"Jacob Martinez",Male,498000.00,HR
440,"Charlotte Davis",Female,499000.00,Finance
441,"Olivia Scott",Male,500000.00,Marketing
442,"Emily Brown",Female,501000.00,Operations
443,"Jacob Wilson",Male,502000.00,Sales
444,"Charlotte Lewis",Female,503000.00,IT
445,"Emily Martinez",Male,504000.00,HR
446,"Olivia Brown",Female,505000.00,Finance
447,"Jacob Scott",Male,506000.00,Marketing
448,"Charlotte Davis",Female,507000.00,Operations
449,"Emily Clark",Male,508000.00,Sales
450,"Jacob Martinez",Female,509000.00,IT
451,"Charlotte Brown",Male,510000.00,HR
452,"Olivia Scott",Female,511000.00,Finance
453,"Emily Lewis",Male,512000.00,Marketing
454,"Jacob White",Female,513000.00,Operations
455,"Charlotte Young",Male,514000.00,Sales
456,"Emily Brown",Female,515000.00,IT
457,"Jacob Scott",Male,516000.00,HR
458,"Olivia Davis",Female,517000.00,Finance
459,"Charlotte Clark",Male,518000.00,Marketing
460,"Emily Lewis",Female,519000.00,Operations
461,"Jacob Martinez",Male,520000.00,Sales
462,"Charlotte White",Female,521000.00,IT
463,"Jacob Brown",Male,522000.00,HR
464,"Olivia Scott",Female,523000.00,Finance
465,"Emily Clark",Male,524000.00,Marketing
466,"Charlotte Young",Female,525000.00,Operations
467,"Jacob Martinez",Male,526000.00,Sales
468,"Olivia Brown",Female,527000.00,IT
469,"Emily Davis",Male,528000.00,HR
470,"Charlotte Clark",Female,529000.00,Finance
471,"Jacob Scott",Male,530000.00,Marketing
472,"Emily Brown",Female,531000.00,Operations
473,"Charlotte White",Male,532000.00,Sales
474,"Jacob Martinez",Female,533000.00,IT
475,"Emily Harris",Male,534000.00,HR
476,"Olivia King",Female,535000.00,Finance
477,"Charlotte Young",Male,536000.00,Marketing
478,"Jacob Davis",Female,537000.00,Operations
479,"Emily Scott",Male,538000.00,Sales
480,"Charlotte Clark",Female,539000.00,IT
481,"Jacob Wilson",Male,540000.00,HR
482,"Emily Lewis",Female,541000.00,Finance
483,"Charlotte Brown",Male,542000.00,Marketing
484,"Jacob Scott",Female,543000.00,Operations
485,"Emily Davis",Male,544000.00,Sales
486,"Charlotte Lewis",Female,545000.00,IT
487,"Jacob Martinez",Male,546000.00,HR
488,"Olivia Clark",Female,547000.00,Finance
489,"Emily Young",Male,548000.00,Marketing
490,"Charlotte Davis",Female,549000.00,Operations
491,"Jacob Brown",Male,550000.00,Sales
492,"Emily Harris",Female,551000.00,IT
493,"Charlotte Lewis",Male,552000.00,HR
494,"Jacob Clark",Female,553000.00,Finance
495,"Olivia Brown",Male,554000.00,Marketing
496,"Emily Young",Female,555000.00,Operations
497,"Charlotte Scott",Male,556000.00,Sales
498,"Jacob Martinez",Female,557000.00,IT
499,"Emily Lewis",Male,558000.00,HR
500,"Charlotte Davis",Female,559000.00,Finance
501,"Jacob Scott",Male,560000.00,Marketing
502,"Olivia Clark",Female,561000.00,Operations
503,"Charlotte White",Male,562000.00,Sales
504,"Emily Brown",Female,563000.00,IT
505,"Jacob Martinez",Male,564000.00,HR
506,"Charlotte Young",Female,565000.00,Finance
507,"Olivia Davis",Male,566000.00,Marketing
508,"Jacob Clark",Female,567000.00,Operations
509,"Charlotte Scott",Male,568000.00,Sales
510,"Emily Young",Female,569000.00,IT
511,"Jacob Martinez",Male,570000.00,HR
512,"Charlotte Davis",Female,571000.00,Finance
513,"Olivia Brown",Male,572000.00,Marketing
514,"Jacob Scott",Female,573000.00,Operations
515,"Emily Harris",Male,574000.00,Sales
516,"Charlotte Lewis",Female,575000.00,IT
517,"Jacob Martinez",Male,576000.00,HR
518,"Olivia Clark",Female,577000.00,Finance
519,"Charlotte Davis",Male,578000.00,Marketing
520,"Emily Scott",Female,579000.00,Operations
521,"Jacob Brown",Male,580000.00,Sales
522,"Charlotte Lewis",Female,581000.00,IT
523,"Jacob Martinez",Male,582000.00,HR
524,"Olivia Brown",Female,583000.00,Finance
525,"Emily Clark",Male,584000.00,Marketing
526,"Charlotte Scott",Female,585000.00,Operations
527,"Jacob Lewis",Male,586000.00,Sales
528,"Olivia Clark",Female,587000.00,IT
529,"Charlotte Davis",Male,588000.00,HR
530,"Emily Brown",Female,589000.00,Finance
531,"Jacob White",Male,590000.00,Marketing
532,"Olivia Scott",Female,591000.00,Operations
533,"Charlotte Young",Male,592000.00,Sales
534,"Emily Davis",Female,593000.00,IT
535,"Jacob Martinez",Male,594000.00,HR
536,"Charlotte Clark",Female,595000.00,Finance
537,"Olivia Brown",Male,596000.00,Marketing
538,"Emily Lewis",Female,597000.00,Operations
539,"Jacob Davis",Male,598000.00,Sales
540,"Charlotte Scott",Female,599000.00,IT
541,"Olivia Clark",Male,600000.00,HR
542,"Emily Young",Female,601000.00,Finance
543,"Jacob Lewis",Male,602000.00,Marketing
544,"Charlotte Brown",Female,603000.00,Operations
545,"Emily Davis",Male,604000.00,Sales
546,"Jacob Clark",Female,605000.00,IT
547,"Olivia Davis",Male,606000.00,HR
548,"Charlotte Young",Female,607000.00,Finance
549,"Emily Harris",Male,608000.00,Marketing
550,"Jacob Scott",Female,609000.00,Operations
551,"Charlotte Clark",Male,610000.00,Sales
552,"Emily Lewis",Female,611000.00,IT
553,"Jacob Martinez",Male,612000.00,HR
554,"Charlotte Young",Female,613000.00,Finance
555,"Emily Davis",Male,614000.00,Marketing
556,"Jacob Scott",Female,615000.00,Operations
557,"Charlotte Davis",Male,616000.00,Sales
558,"Emily Clark",Female,617000.00,IT
559,"Olivia Brown",Male,618000.00,HR
560,"Jacob Martinez",Female,619000.00,Finance
561,"Charlotte Lewis",Male,620000.00,Marketing
562,"Emily Young",Female,621000.00,Operations
563,"Jacob Davis",Male,622000.00,Sales
564,"Charlotte Davis",Female,623000.00,IT
565,"Emily Scott",Male,624000.00,HR
566,"Jacob Brown",Female,625000.00,Finance
567,"Charlotte King",Male,626000.00,Marketing
568,"Emily Young",Female,627000.00,Operations
569,"Jacob Scott",Male,628000.00,Sales
570,"Charlotte Davis",Female,629000.00,IT
571,"Jacob Martinez",Male,630000.00,HR
572,"Emily Harris",Female,631000.00,Finance
573,"Charlotte Brown",Male,632000.00,Marketing
574,"Jacob Davis",Female,633000.00,Operations
575,"Emily Lewis",Male,634000.00,Sales
576,"Charlotte Scott",Female,635000.00,IT
577,"Jacob Martinez",Male,636000.00,HR
578,"Emily Brown",Female,637000.00,Finance
579,"Charlotte Davis",Male,638000.00,Marketing
580,"Jacob Scott",Female,639000.00,Operations
581,"Emily Young",Male,640000.00,Sales
582,"Charlotte Clark",Female,641000.00,IT
583,"Jacob Martinez",Male,642000.00,HR
584,"Emily Davis",Female,643000.00,Finance
585,"Charlotte Young",Male,644000.00,Marketing
586,"Jacob Brown",Female,645000.00,Operations
587,"Emily Lewis",Male,646000.00,Sales
588,"Charlotte Davis",Female,647000.00,IT
589,"Jacob Martinez",Male,648000.00,HR
590,"Emily Brown",Female,649000.00,Finance
591,"Charlotte Scott",Male,650000.00,Marketing
592,"Jacob Clark",Female,651000.00,Operations
593,"Emily Harris",Male,652000.00,Sales
594,"Charlotte Davis",Female,653000.00,IT
595,"Jacob Martinez",Male,654000.00,HR
596,"Emily Scott",Female,655000.00,Finance
597,"Charlotte Brown",Male,656000.00,Marketing
598,"Jacob White",Female,657000.00,Operations
599,"Emily Lewis",Male,658000.00,Sales
600,"Charlotte Davis",Female,659000.00,IT
601,"Jacob Martinez",Male,660000.00,HR
602,"Emily Brown",Female,661000.00,Finance
603,"Charlotte Scott",Male,662000.00,Marketing
604,"Jacob Davis",Female,663000.00,Operations
605,"Emily Young",Male,664000.00,Sales
606,"Charlotte Brown",Female,665000.00,IT
607,"Jacob Martinez",Male,666000.00,HR
608,"Emily Lewis",Female,667000.00,Finance
609,"Charlotte Davis",Male,668000.00,Marketing
610,"Jacob Clark",Female,669000.00,Operations
611,"Emily Brown",Male,670000.00,Sales
612,"Charlotte Scott",Female,671000.00,IT
613,"Jacob Martinez",Male,672000.00,HR
614,"Emily Young",Female,673000.00,Finance
615,"Charlotte Brown",Male,674000.00,Marketing
616,"Jacob Davis",Female,675000.00,Operations
617,"Emily Clark",Male,676000.00,Sales
618,"Charlotte Davis",Female,677000.00,IT
619,"Jacob Martinez",Male,678000.00,HR
620,"Emily Brown",Female,679000.00,Finance
621,"Charlotte Scott",Male,680000.00,Marketing
622,"Jacob Clark",Female,681000.00,Operations
623,"Emily Lewis",Male,682000.00,Sales
624,"Charlotte Davis",Female,683000.00,IT
625,"Jacob Martinez",Male,684000.00,HR
626,"Emily Brown",Female,685000.00,Finance
627,"Charlotte Scott",Male,686000.00,Marketing
628,"Jacob Davis",Female,687000.00,Operations
629,"Emily Young",Male,688000.00,Sales
630,"Charlotte Brown",Female,689000.00,IT
631,"Jacob Martinez",Male,690000.00,HR
632,"Emily Brown",Female,691000.00,Finance
633,"Charlotte Davis",Male,692000.00,Marketing
634,"Jacob Scott",Female,693000.00,Operations
635,"Emily Harris",Male,694000.00,Sales
636,"Charlotte Davis",Female,695000.00,IT
637,"Jacob Martinez",Male,696000.00,HR
638,"Emily Brown",Female,697000.00,Finance
639,"Charlotte Scott",Male,698000.00,Marketing
640,"Jacob Clark",Female,699000.00,Operations
641,"Emily Lewis",Male,700000.00,Sales
642,"Charlotte Davis",Female,701000.00,IT
643,"Jacob Martinez",Male,702000.00,HR
644,"Emily Young",Female,703000.00,Finance
645,"Charlotte Brown",Male,704000.00,Marketing
646,"Jacob Scott",Female,705000.00,Operations
647,"Emily Harris",Male,706000.00,Sales
648,"Charlotte Davis",Female,707000.00,IT
649,"Jacob Martinez",Male,708000.00,HR
650,"Emily Brown",Female,709000.00,Finance
651,"Charlotte Scott",Male,710000.00,Marketing
652,"Jacob Clark",Female,711000.00,Operations
653,"Emily Young",Male,712000.00,Sales
654,"Charlotte Davis",Female,713000.00,IT
655,"Jacob Martinez",Male,714000.00,HR
656,"Emily Brown",Female,715000.00,Finance
657,"Charlotte Scott",Male,716000.00,Marketing
658,"Jacob Davis",Female,717000.00,Operations
659,"Emily Young",Male,718000.00,Sales
660,"Charlotte Brown",Female,719000.00,IT
661,"Jacob Martinez",Male,720000.00,HR
662,"Emily Davis",Female,721000.00,Finance
663,"Charlotte Scott",Male,722000.00,Marketing
664,"Jacob Clark",Female,723000.00,Operations
665,"Emily Brown",Male,724000.00,Sales
666,"Charlotte Davis",Female,725000.00,IT
667,"Jacob Martinez",Male,726000.00,HR
668,"Emily Young",Female,727000.00,Finance
669,"Charlotte Brown",Male,728000.00,Marketing
670,"Jacob Scott",Female,729000.00,Operations
671,"Emily Harris",Male,730000.00,Sales
672,"Charlotte Davis",Female,731000.00,IT
673,"Jacob Martinez",Male,732000.00,HR
674,"Emily Brown",Female,733000.00,Finance
675,"Charlotte Scott",Male,734000.00,Marketing
676,"Jacob Davis",Female,735000.00,Operations
677,"Emily Young",Male,736000.00,Sales
678,"Charlotte Brown",Female,737000.00,IT
679,"Jacob Martinez",Male,738000.00,HR
680,"Emily Davis",Female,739000.00,Finance
681,"Charlotte Scott",Male,740000.00,Marketing
682,"Jacob Clark",Female,741000.00,Operations
683,"Emily Harris",Male,742000.00,Sales
684,"Charlotte Davis",Female,743000.00,IT
685,"Jacob Martinez",Male,744000.00,HR
686,"Emily Young",Female,745000.00,Finance
687,"Charlotte Scott",Male,746000.00,Marketing
688,"Jacob Brown",Female,747000.00,Operations
689,"Emily Davis",Male,748000.00,Sales
690,"Charlotte Brown",Female,749000.00,IT
691,"Jacob Martinez",Male,750000.00,HR
692,"Emily Clark",Female,751000.00,Finance
693,"Charlotte Davis",Male,752000.00,Marketing
694,"Jacob Scott",Female,753000.00,Operations
695,"Emily Harris",Male,754000.00,Sales
696,"Charlotte Davis",Female,755000.00,IT
697,"Jacob Martinez",Male,756000.00,HR
698,"Emily Brown",Female,757000.00,Finance
699,"Charlotte Scott",Male,758000.00,Marketing
700,"Jacob Davis",Female,759000.00,Operations
701,"Emily Young",Male,760000.00,Sales
702,"Charlotte Brown",Female,761000.00,IT
703,"Jacob Martinez",Male,762000.00,HR
704,"Emily Davis",Female,763000.00,Finance
705,"Charlotte Scott",Male,764000.00,Marketing
706,"Jacob Clark",Female,765000.00,Operations
707,"Emily Young",Male,766000.00,Sales
708,"Charlotte Davis",Female,767000.00,IT
709,"Jacob Martinez",Male,768000.00,HR
710,"Emily Brown",Female,769000.00,Finance
711,"Charlotte Scott",Male,770000.00,Marketing
712,"Jacob Davis",Female,771000.00,Operations
713,"Emily Clark",Male,772000.00,Sales
714,"Charlotte Davis",Female,773000.00,IT
715,"Jacob Martinez",Male,774000.00,HR
716,"Emily Brown",Female,775000.00,Finance
717,"Charlotte Scott",Male,776000.00,Marketing
718,"Jacob Clark",Female,777000.00,Operations
719,"Emily Lewis",Male,778000.00,Sales
720,"Charlotte Davis",Female,779000.00,IT
721,"Jacob Martinez",Male,780000.00,HR
722,"Emily Brown",Female,781000.00,Finance
723,"Charlotte Scott",Male,782000.00,Marketing
724,"Jacob Clark",Female,783000.00,Operations
725,"Emily Davis",Male,784000.00,Sales
726,"Charlotte Davis",Female,785000.00,IT
727,"Jacob Martinez",Male,786000.00,HR
728,"Emily Brown",Female,787000.00,Finance
729,"Charlotte Scott",Male,788000.00,Marketing
730,"Jacob Davis",Female,789000.00,Operations
731,"Emily Harris",Male,790000.00,Sales
732,"Charlotte Davis",Female,791000.00,IT
733,"Jacob Martinez",Male,792000.00,HR
734,"Emily Brown",Female,793000.00,Finance
735,"Charlotte Scott",Male,794000.00,Marketing
736,"Jacob Clark",Female,795000.00,Operations
737,"Emily Young",Male,796000.00,Sales
738,"Charlotte Davis",Female,797000.00,IT
739,"Jacob Martinez",Male,798000.00,HR
740,"Emily Brown",Female,799000.00,Finance
741,"Charlotte Scott",Male,800000.00,Marketing
742,"Jacob Davis",Female,801000.00,Operations
743,"Emily Harris",Male,802000.00,Sales
744,"Charlotte Davis",Female,803000.00,IT
745,"Jacob Martinez",Male,804000.00,HR
746,"Emily Brown",Female,805000.00,Finance
747,"Charlotte Scott",Male,806000.00,Marketing
748,"Jacob Clark",Female,807000.00,Operations
749,"Emily Young",Male,808000.00,Sales
750,"Charlotte Davis",Female,809000.00,IT
751,"Jacob Martinez",Male,810000.00,HR
752,"Emily Brown",Female,811000.00,Finance
753,"Charlotte Scott",Male,812000.00,Marketing
754,"Jacob Davis",Female,813000.00,Operations
755,"Emily Harris",Male,814000.00,Sales
756,"Charlotte Davis",Female,815000.00,IT
757,"Jacob Martinez",Male,816000.00,HR
758,"Emily Brown",Female,817000.00,Finance
759,"Charlotte Scott",Male,818000.00,Marketing
760,"Jacob Clark",Female,819000.00,Operations
761,"Emily Young",Male,820000.00,Sales
762,"Charlotte Davis",Female,821000.00,IT
763,"Jacob Martinez",Male,822000.00,HR
764,"Emily Brown",Female,823000.00,Finance
765,"Charlotte Scott",Male,824000.00,Marketing
766,"Jacob Clark",Female,825000.00,Operations
767,"Emily Davis",Male,826000.00,Sales
768,"Charlotte Davis",Female,827000.00,IT
769,"Jacob Martinez",Male,828000.00,HR
770,"Emily Brown",Female,829000.00,Finance
771,"Charlotte Scott",Male,830000.00,Marketing
772,"Jacob Davis",Female,831000.00,Operations
773,"Emily Harris",Male,832000.00,Sales
774,"Charlotte Davis",Female,833000.00,IT
775,"Jacob Martinez",Male,834000.00,HR
776,"Emily Brown",Female,835000.00,Finance
777,"Charlotte Scott",Male,836000.00,Marketing
778,"Jacob Clark",Female,837000.00,Operations
779,"Emily Young",Male,838000.00,Sales
780,"Charlotte Davis",Female,839000.00,IT
781,"Jacob Martinez",Male,840000.00,HR
782,"Emily Brown",Female,841000.00,Finance
783,"Charlotte Scott",Male,842000.00,Marketing
784,"Jacob Clark",Female,843000.00,Operations
785,"Emily Davis",Male,844000.00,Sales
786,"Charlotte Davis",Female,845000.00,IT
787,"Jacob Martinez",Male,846000.00,HR
788,"Emily Brown",Female,847000.00,Finance
789,"Charlotte Scott",Male,848000.00,Marketing
790,"Jacob Clark",Female,849000.00,Operations
791,"Emily Young",Male,850000.00,Sales
792,"Charlotte Davis",Female,851000.00,IT
793,"Jacob Martinez",Male,852000.00,HR
794,"Emily Brown",Female,853000.00,Finance
795,"Charlotte Scott",Male,854000.00,Marketing
796,"Jacob Clark",Female,855000.00,Operations
797,"Emily Young",Male,856000.00,Sales
798,"Charlotte Davis",Female,857000.00,IT
799,"Jacob Martinez",Male,858000.00,HR
800,"Emily Brown",Female,859000.00,Finance
801,"Charlotte Scott",Male,860000.00,Marketing
802,"Jacob Clark",Female,861000.00,Operations
803,"Emily Young",Male,862000.00,Sales
804,"Charlotte Davis",Female,863000.00,IT
805,"Jacob Martinez",Male,864000.00,HR
806,"Emily Brown",Female,865000.00,Finance
807,"Charlotte Scott",Male,866000.00,Marketing
808,"Jacob Clark",Female,867000.00,Operations
809,"Emily Young",Male,868000.00,Sales
810,"Charlotte Davis",Female,869000.00,IT
811,"Jacob Martinez",Male,870000.00,HR
812,"Emily Brown",Female,871000.00,Finance
813,"Charlotte Scott",Male,872000.00,Marketing
814,"Jacob Clark",Female,873000.00,Operations
815,"Emily Young",Male,874000.00,Sales
816,"Charlotte Davis",Female,875000.00,IT
817,"Jacob Martinez",Male,876000.00,HR
818,"Emily Brown",Female,877000.00,Finance
819,"Charlotte Scott",Male,878000.00,Marketing
820,"Jacob Clark",Female,879000.00,Operations
821,"Emily Young",Male,880000.00,Sales
822,"Charlotte Davis",Female,881000.00,IT
823,"Jacob Martinez",Male,882000.00,HR
824,"Emily Brown",Female,883000.00,Finance
825,"Charlotte Scott",Male,884000.00,Marketing
826,"Jacob Clark",Female,885000.00,Operations
827,"Emily Young",Male,886000.00,Sales
828,"Charlotte Davis",Female,887000.00,IT
829,"Jacob Martinez",Male,888000.00,HR
830,"Emily Brown",Female,889000.00,Finance
831,"Charlotte Scott",Male,890000.00,Marketing
832,"Jacob Clark",Female,891000.00,Operations
833,"Emily Young",Male,892000.00,Sales
834,"Charlotte Davis",Female,893000.00,IT
835,"Jacob Martinez",Male,894000.00,HR
836,"Emily Brown",Female,895000.00,Finance
837,"Charlotte Scott",Male,896000.00,Marketing
838,"Jacob Clark",Female,897000.00,Operations
839,"Emily Young",Male,898000.00,Sales
840,"Charlotte Davis",Female,899000.00,IT
841,"Jacob Martinez",Male,900000.00,HR
842,"Emily Brown",Female,901000.00,Finance
843,"Charlotte Scott",Male,902000.00,Marketing
844,"Jacob Clark",Female,903000.00,Operations
845,"Emily Young",Male,904000.00,Sales
846,"Charlotte Davis",Female,905000.00,IT
847,"Jacob Martinez",Male,906000.00,HR
848,"Emily Brown",Female,907000.00,Finance
849,"Charlotte Scott",Male,908000.00,Marketing
850,"Jacob Clark",Female,909000.00,Operations
851,"Emily Young",Male,910000.00,Sales
852,"Charlotte Davis",Female,911000.00,IT
853,"Jacob Martinez",Male,912000.00,HR
854,"Emily Brown",Female,913000.00,Finance
855,"Charlotte Scott",Male,914000.00,Marketing
856,"Jacob Clark",Female,915000.00,Operations
857,"Emily Young",Male,916000.00,Sales
858,"Charlotte Davis",Female,917000.00,IT
859,"Jacob Martinez",Male,918000.00,HR
860,"Emily Brown",Female,919000.00,Finance
861,"Charlotte Scott",Male,920000.00,Marketing
862,"Jacob Clark",Female,921000.00,Operations
863,"Emily Young",Male,922000.00,Sales
864,"Charlotte Davis",Female,923000.00,IT
865,"Jacob Martinez",Male,924000.00,HR
866,"Emily Brown",Female,925000.00,Finance
867,"Charlotte Scott",Male,926000.00,Marketing
868,"Jacob Clark",Female,927000.00,Operations
869,"Emily Young",Male,928000.00,Sales
870,"Charlotte Davis",Female,929000.00,IT
871,"Jacob Martinez",Male,930000.00,HR
872,"Emily Brown",Female,931000.00,Finance
873,"Charlotte Scott",Male,932000.00,Marketing
874,"Jacob Clark",Female,933000.00,Operations
875,"Emily Young",Male,934000.00,Sales
876,"Charlotte Davis",Female,935000.00,IT
877,"Jacob Martinez",Male,936000.00,HR
878,"Emily Brown",Female,937000.00,Finance
879,"Charlotte Scott",Male,938000.00,Marketing
880,"Jacob Clark",Female,939000.00,Operations
881,"Emily Young",Male,940000.00,Sales
882,"Charlotte Davis",Female,941000.00,IT
883,"Jacob Martinez",Male,942000.00,HR
884,"Emily Brown",Female,943000.00,Finance
885,"Charlotte Scott",Male,944000.00,Marketing
886,"Jacob Clark",Female,945000.00,Operations
887,"Emily Young",Male,946000.00,Sales
888,"Charlotte Davis",Female,947000.00,IT
889,"Jacob Martinez",Male,948000.00,HR
890,"Emily Brown",Female,949000.00,Finance
891,"Charlotte Scott",Male,950000.00,Marketing
892,"Jacob Clark",Female,951000.00,Operations
893,"Emily Young",Male,952000.00,Sales
894,"Charlotte Davis",Female,953000.00,IT
895,"Jacob Martinez",Male,954000.00,HR
896,"Emily Brown",Female,955000.00,Finance
897,"Charlotte Scott",Male,956000.00,Marketing
898,"Jacob Clark",Female,957000.00,Operations
899,"Emily Young",Male,958000.00,Sales
900,"Charlotte Davis",Female,959000.00,IT
901,"Jacob Martinez",Male,960000.00,HR
902,"Emily Brown",Female,961000.00,Finance
903,"Charlotte Scott",Male,962000.00,Marketing
904,"Jacob Clark",Female,963000.00,Operations
905,"Emily Young",Male,964000.00,Sales
906,"Charlotte Davis",Female,965000.00,IT
907,"Jacob Martinez",Male,966000.00,HR
908,"Emily Brown",Female,967000.00,Finance
909,"Charlotte Scott",Male,968000.00,Marketing
910,"Jacob Clark",Female,969000.00,Operations
911,"Emily Young",Male,970000.00,Sales
912,"Charlotte Davis",Female,971000.00,IT
913,"Jacob Martinez",Male,972000.00,HR
914,"Emily Brown",Female,973000.00,Finance
915,"Charlotte Scott",Male,974000.00,Marketing
916,"Jacob Clark",Female,975000.00,Operations
917,"Emily Young",Male,976000.00,Sales
918,"Charlotte Davis",Female,977000.00,IT
919,"Jacob Martinez",Male,978000.00,HR
920,"Emily Brown",Female,979000.00,Finance
921,"Charlotte Scott",Male,980000.00,Marketing
922,"Jacob Clark",Female,981000.00,Operations
923,"Emily Young",Male,982000.00,Sales
924,"Charlotte Davis",Female,983000.00,IT
925,"Jacob Martinez",Male,984000.00,HR
926,"Emily Brown",Female,985000.00,Finance
927,"Charlotte Scott",Male,986000.00,Marketing
928,"Jacob Clark",Female,987000.00,Operations
929,"Emily Young",Male,988000.00,Sales
930,"Charlotte Davis",Female,989000.00,IT
931,"Jacob Martinez",Male,990000.00,HR
932,"Emily Brown",Female,991000.00,Finance
933,"Charlotte Scott",Male,992000.00,Marketing
934,"Jacob Clark",Female,993000.00,Operations
935,"Emily Young",Male,994000.00,Sales
936,"Charlotte Davis",Female,995000.00,IT
937,"Jacob Martinez",Male,996000.00,HR
938,"Emily Brown",Female,997000.00,Finance
939,"Charlotte Scott",Male,998000.00,Marketing
940,"Jacob Clark",Female,999000.00,Operations
941,"Emily Young",Male,1000000.00,Sales
942,"Charlotte Davis",Female,1001000.00,IT
943,"Emily Young",Male,982000.00,Sales
944,"Charlotte Davis",Female,983000.00,IT
945,"Jacob Martinez",Male,984000.00,HR
946,"Emily Brown",Female,985000.00,Finance
947,"Charlotte Scott",Male,986000.00,Marketing
948,"Jacob Clark",Female,987000.00,Operations
949,"Emily Young",Male,988000.00,Sales
950,"Charlotte Davis",Female,989000.00,IT
951,"Jacob Martinez",Male,990000.00,HR
952,"Emily Brown",Female,991000.00,Finance
953,"Charlotte Scott",Male,992000.00,Marketing
954,"Jacob Clark",Female,993000.00,Operations
955,"Emily Young",Male,994000.00,Sales
956,"Charlotte Davis",Female,995000.00,IT
957,"Jacob Martinez",Male,996000.00,HR
958,"Emily Brown",Female,997000.00,Finance
959,"Charlotte Scott",Male,998000.00,Marketing
960,"Jacob Clark",Female,999000.00,Operations
961,"Emily Young",Male,1000000.00,Sales
962,"Charlotte Davis",Female,1001000.00,IT
963,"Emily Young",Male,982000.00,Sales
964,"Charlotte Davis",Female,983000.00,IT
965,"Jacob Martinez",Male,984000.00,HR
966,"Emily Brown",Female,985000.00,Finance
967,"Charlotte Scott",Male,986000.00,Marketing
968,"Jacob Clark",Female,987000.00,Operations
969,"Emily Young",Male,988000.00,Sales
970,"Charlotte Davis",Female,989000.00,IT
971,"Jacob Martinez",Male,990000.00,HR
972,"Emily Brown",Female,991000.00,Finance
973,"Charlotte Scott",Male,992000.00,Marketing
974,"Jacob Clark",Female,993000.00,Operations
975,"Emily Young",Male,994000.00,Sales
976,"Charlotte Davis",Female,995000.00,IT
977,"Jacob Martinez",Male,996000.00,HR
978,"Emily Brown",Female,997000.00,Finance
979,"Charlotte Scott",Male,998000.00,Marketing
980,"Jacob Clark",Female,999000.00,Operations
981,"Emily Young",Male,1000000.00,Sales
982,"Charlotte Davis",Female,1001000.00,IT
983,"Emily Young",Male,982000.00,Sales
984,"Charlotte Davis",Female,983000.00,IT
985,"Jacob Martinez",Male,984000.00,HR
986,"Emily Brown",Female,985000.00,Finance
987,"Charlotte Scott",Male,986000.00,Marketing
988,"Jacob Clark",Female,987000.00,Operations
989,"Emily Young",Male,987000.00,Sales
990,"Charlotte Davis",Female,989000.00,IT
991,"Jacob Martinez",Male,990000.00,HR
992,"Emily Brown",Female,991000.00,Finance
993,"Charlotte Scott",Male,992000.00,Marketing
994,"Jacob Clark",Female,973000.00,Operations
995,"Emily Young",Male,994000.00,Sales
996,"Charlotte Davis",Female,995000.00,IT
997,"Jacob Martinez",Male,976000.00,HR
998,"Emily Brown",Female,997000.00,Finance
999,"Charlotte Scott",Male,978000.00,Marketing
1000,"Jack Smith",Male,50000.00,IT
